{
  "properties": {
    "connectionReferences": {
      "shared_commondataserviceforapps": {
        "runtimeSource": "embedded",
        "connection": {
          "connectionReferenceLogicalName": "sfdemo_sharedcommondataserviceforapps_861eb"
        },
        "api": {
          "name": "shared_commondataserviceforapps"
        }
      }
    },
    "definition": {
      "$schema": "https://schema.management.azure.com/providers/Microsoft.Logic/schemas/2016-06-01/workflowdefinition.json#",
      "contentVersion": "1.0.0.0",
      "parameters": {
        "$connections": {
          "defaultValue": {},
          "type": "Object"
        },
        "$authentication": {
          "defaultValue": {},
          "type": "SecureObject"
        }
      },
      "triggers": {
        "manual": {
          "metadata": {
            "operationMetadataId": "976f2bf5-5067-44a4-91d1-231d368931fb"
          },
          "type": "Request",
          "kind": "PowerAppV2",
          "inputs": {
            "schema": {
              "type": "object",
              "properties": {
                "text": {
                  "title": "Categories",
                  "type": "string",
                  "x-ms-dynamically-added": true,
                  "description": "sample",
                  "x-ms-content-hint": "TEXT"
                },
                "text_1": {
                  "title": "Text",
                  "type": "string",
                  "x-ms-dynamically-added": true,
                  "description": "sample",
                  "x-ms-content-hint": "TEXT"
                }
              },
              "required": [
                "text",
                "text_1"
              ]
            }
          }
        }
      },
      "actions": {
        "Classify_By_Categories": {
          "runAfter": {
            "Parse_Categories": [
              "Succeeded"
            ]
          },
          "metadata": {
            "operationMetadataId": "c3af0ec6-357d-448b-9342-b312e8d8215e"
          },
          "type": "OpenApiConnection",
          "inputs": {
            "host": {
              "connectionName": "shared_commondataserviceforapps",
              "operationId": "PerformUnboundAction",
              "apiId": "/providers/Microsoft.PowerApps/apis/shared_commondataserviceforapps"
            },
            "parameters": {
              "actionName": "AIClassify",
              "item/Categories": "@outputs('Parse_Categories')",
              "item/Text": "@triggerBody()['text_1']"
            },
            "authentication": "@parameters('$authentication')"
          }
        },
        "Respond_to_a_PowerApp_or_flow": {
          "runAfter": {
            "Classify_By_Categories": [
              "Succeeded"
            ]
          },
          "metadata": {
            "operationMetadataId": "b280fc59-0972-4958-bb6d-0f4aee8a7df4"
          },
          "type": "Response",
          "kind": "PowerApp",
          "inputs": {
            "statusCode": 200,
            "body": {
              "classification": "@outputs('Classify_By_Categories')?['body/Classification']"
            },
            "schema": {
              "type": "object",
              "properties": {
                "classification": {
                  "title": "classification",
                  "x-ms-dynamically-added": true,
                  "type": "string"
                }
              }
            }
          }
        },
        "Parse_Categories": {
          "runAfter": {},
          "metadata": {
            "operationMetadataId": "27dc7387-80ab-42b5-bb46-350cebdb2d76"
          },
          "type": "Compose",
          "inputs": "@split(triggerBody()['text'],';')"
        }
      }
    },
    "templateName": ""
  },
  "schemaVersion": "1.0.0.0"
}