{
  "properties": {
    "connectionReferences": {
      "shared_commondataserviceforapps": {
        "runtimeSource": "embedded",
        "connection": {
          "connectionReferenceLogicalName": "sfdemo_sharedcommondataserviceforapps_861eb"
        },
        "api": {
          "name": "shared_commondataserviceforapps"
        }
      }
    },
    "definition": {
      "$schema": "https://schema.management.azure.com/providers/Microsoft.Logic/schemas/2016-06-01/workflowdefinition.json#",
      "contentVersion": "1.0.0.0",
      "parameters": {
        "$connections": {
          "defaultValue": {},
          "type": "Object"
        },
        "$authentication": {
          "defaultValue": {},
          "type": "SecureObject"
        }
      },
      "triggers": {
        "manual": {
          "metadata": {
            "operationMetadataId": "a8f5d17b-2bd3-4149-8379-5ec0b6181015"
          },
          "type": "Request",
          "kind": "PowerAppV2",
          "inputs": {
            "schema": {
              "type": "object",
              "properties": {
                "text": {
                  "title": "Entity",
                  "type": "string",
                  "x-ms-dynamically-added": true,
                  "description": "Please enter your input",
                  "x-ms-content-hint": "TEXT"
                },
                "text_1": {
                  "title": "Text",
                  "type": "string",
                  "x-ms-dynamically-added": true,
                  "description": "Please enter your input",
                  "x-ms-content-hint": "TEXT"
                }
              },
              "required": [
                "text",
                "text_1"
              ]
            }
          }
        }
      },
      "actions": {
        "Extract_Entities": {
          "runAfter": {},
          "metadata": {
            "operationMetadataId": "f043768b-f56e-4be5-9be4-1d921db8fdb9"
          },
          "type": "OpenApiConnection",
          "inputs": {
            "host": {
              "connectionName": "shared_commondataserviceforapps",
              "operationId": "PerformUnboundAction",
              "apiId": "/providers/Microsoft.PowerApps/apis/shared_commondataserviceforapps"
            },
            "parameters": {
              "actionName": "AIExtract",
              "item/Text": "@triggerBody()['text_1']",
              "item/Entity": "@triggerBody()['text']"
            },
            "authentication": "@parameters('$authentication')"
          }
        },
        "Respond_to_a_PowerApp_or_flow": {
          "runAfter": {
            "Compose_Entities_String": [
              "Succeeded"
            ]
          },
          "metadata": {
            "operationMetadataId": "b76ecf3c-0546-42a5-bb3e-272e9e5a1a7b"
          },
          "type": "Response",
          "kind": "PowerApp",
          "inputs": {
            "statusCode": 200,
            "body": {
              "extracteddata": "@{outputs('Compose_Entities_String')}"
            },
            "schema": {
              "type": "object",
              "properties": {
                "extracteddata": {
                  "title": "extracteddata",
                  "x-ms-dynamically-added": true,
                  "type": "string"
                }
              }
            }
          }
        },
        "Compose_Entities_String": {
          "runAfter": {
            "Fill_Entities_Array": [
              "Succeeded"
            ]
          },
          "metadata": {
            "operationMetadataId": "b73054bd-86b4-44dd-a35c-083c4e66a977"
          },
          "type": "Compose",
          "inputs": "@join(variables('Entities'),',')"
        },
        "Init_Entities": {
          "runAfter": {
            "Extract_Entities": [
              "Succeeded"
            ]
          },
          "metadata": {
            "operationMetadataId": "f5548182-d01c-4dbd-b40e-77ccd5a59513"
          },
          "type": "InitializeVariable",
          "inputs": {
            "variables": [
              {
                "name": "Entities",
                "type": "array"
              }
            ]
          }
        },
        "Fill_Entities_Array": {
          "foreach": "@outputs('Extract_Entities')?['body/ExtractedData']",
          "actions": {
            "Append_To_Array": {
              "runAfter": {},
              "metadata": {
                "operationMetadataId": "01108961-95b9-4527-944d-e0e0a247ea5e"
              },
              "type": "AppendToArrayVariable",
              "inputs": {
                "name": "Entities",
                "value": "@items('Fill_Entities_Array')"
              }
            }
          },
          "runAfter": {
            "Init_Entities": [
              "Succeeded"
            ]
          },
          "metadata": {
            "operationMetadataId": "0d2d234c-360e-4826-a3c8-6784fd3f24de"
          },
          "type": "Foreach"
        }
      }
    },
    "templateName": ""
  },
  "schemaVersion": "1.0.0.0"
}