<appaction uniquename="sfdemo__TranslateContent!062d33830058447dbc61acd02a974007!sfdemo_AIFunctionsApp!sfdemo_ai_function_content!0">
  <appmoduleid>
    <uniquename>sfdemo_AIFunctionsApp</uniquename>
  </appmoduleid>
  <buttonlabeltext default="Translate Content">
    <label description="Translate Content" languagecode="1033" />
  </buttonlabeltext>
  <context>1</context>
  <contextentity>
    <logicalname>sfdemo_ai_function_content</logicalname>
  </contextentity>
  <contextvalue>sfdemo_ai_function_content</contextvalue>
  <fonticon>EndSeries</fonticon>
  <hidden>0</hidden>
  <iscustomizable>1</iscustomizable>
  <isdisabled>0</isdisabled>
  <isgrouptitlehidden>0</isgrouptitlehidden>
  <location>0</location>
  <name>TranslateContent!062d33830058447dbc61acd02a974007</name>
  <onclickeventjavascriptfunctionname>openCustomPageDialog</onclickeventjavascriptfunctionname>
  <onclickeventjavascriptparameters>[{"type":5},{"type":4},{"type":2}]</onclickeventjavascriptparameters>
  <onclickeventjavascriptwebresourceid>
    <webresourceid>f39629ef-fd00-ef11-9f89-000d3ab202ab</webresourceid>
  </onclickeventjavascriptwebresourceid>
  <onclickeventtype>2</onclickeventtype>
  <origin>0</origin>
  <sequence>100100046.0000000000</sequence>
  <statecode>0</statecode>
  <statuscode>1</statuscode>
  <type>0</type>
  <visibilitytype>0</visibilitytype>
</appaction>