{"__Version":"0.1","App":"8ef734b8-a7da-491f-b620-c88f0148410f","Test_7F478737223C4B69":"4df0ac4a-cff9-4cb6-ba8d-888cd5f30df0","Host":"ad0fdc21-2ddc-425e-a1c4-44b47d43971f","Canvas App Functions":"cd7f6995-7085-46ff-b95d-86f7477f0ff0","MainCont":"49763a61-80c3-4509-a6f3-bc1b6fa86ec4","HeaderCont":"c41b6591-c486-4f7e-afb9-b27aa9a7cea5","Container1":"5ceba986-14c0-4c6e-adc5-3d150b542381","HeaderLabel":"7668600e-f16e-49ae-999c-788e09de3655","RunModeSelector":"28fa2a1d-5d73-44c1-aef1-7b573bb436b3","BodyCont":"994b8875-78bf-44c4-89cd-da1cbae329fd","AITranslateCont":"2fff34f2-5607-490a-a2c2-cdd295525f3e","AITranslateHeaderCont":"320ac4a9-0395-4d67-9a1e-c2490b2d815d","AITranslateHeaderLabel":"9d063b6b-3c83-4b3e-a633-005ef92858c7","AITranslateRunBtn":"bd1a2955-e7dd-43bc-baec-9df1eb685212","AITranslateBodyCont":"3aab4ecf-931a-4abb-9522-ff2b0de5b1b9","AITranslateSubcategoryGallery":"51e26f2f-7aa0-44d8-a1d4-48349d2c0441","galleryTemplate2_1":"80f125e8-a15d-407b-a3e2-b3fc77c21f5c","Rectangle5":"5c30939c-d377-4b1f-92ef-85270bd94be9","Title8":"8e6cc495-e854-46da-aad4-492ec1d7a818","AITranslateOutput":"8870eac8-df9a-44df-a32c-c9ac660009e8","AISummarizeCont":"cfd44373-beb4-4bd9-9264-e0a83f49daf6","AISummarizeHeaderCont":"4f7af9bc-d524-42cf-8659-4562d2ed4913","AISummarizeHeaderLabel":"3bfc3ab0-e51c-4824-84b8-517b41f54b74","AISummarizeRunBtn":"79945d0f-880e-4ae2-aca3-c4c78bf45290","AISummarizeBodyCont":"00672ad1-0abe-4b2b-8e10-d95094105f95","AISummarizeOutput":"28ab44e4-f84a-4c40-b376-3cb0ce8f8ceb","GalleryCont":"630fe8af-5e4a-4e61-be26-67a85945db7e","GalleryHeaderCont":"0fbdf50c-3cf9-4b55-880d-ff649a85bdb7","GalleryHeadLabel":"b639b672-eacf-4e14-a575-1f23ea8d297d","AIContentGalleryRefreshIcon":"19fba6ce-c73f-4eb6-9740-97e71ea68d99","TypeSelector":"6a62eff5-e48d-40ed-979c-332f5ba69c29","AIContentGallery":"0f632c06-4be1-4c51-948c-a9a51811b3ef","galleryTemplate5":"5b9d18c9-85f7-46e8-be78-fd683ca02d4c","Rectangle1":"2dfc214e-21a7-4e5b-92dd-63d8891d101c","Title1":"55df8184-dec0-4a9e-82f3-052549b4ee93","Subtitle1":"628ce122-7aaf-4fd3-9757-866bcf96f2ef","Body1":"6518da63-3016-4a1f-8fc5-19826fbf902b","Separator1":"833fe34b-119b-492d-9174-a3947343e0fa","ContentInputCont":"5c2745e3-9de6-4ec2-b76a-02abd75e3ebf","ContentHeaderCont":"b8b0d50a-4e4e-4aa8-9493-2e50e40fbcae","ContentHeadLabel":"1b42b8a9-8ef1-4778-83cc-7a48315640c5","ContentBodyCont":"db3330dd-dd41-47ec-a552-0fff498cbdf2","Input":"c6b79e6f-b5cc-4bea-a4e0-fe97afdc04e2","ContentRecordInputCont":"d5bc5140-5147-431a-9943-7b267c7aac6c","ContentRecordHeaderCont":"bf3966ab-7913-47f3-a5ce-920aca2d929d","ContentRecordHeadLabel":"97fd2ebf-7fd8-497c-bb79-c31e8ea8f1e9","ContentRecordBodyCont":"744cdb0c-b3fc-4624-b70e-ac626f22915e","RecordInput":"7727416d-353f-40cf-a668-22269d7deb11","RecordInputGallery":"c7bde450-9c93-4e7c-9bdd-515725f3c831","galleryTemplate3":"2179bb87-49e2-4bbb-afab-cc85b7e62c12","Rectangle4":"212971fe-be0e-4d83-9a9e-5fd2ca9afcda","Title4":"a554ded4-f45f-4e7e-82ae-bfcba3ae12eb","Separator4":"c77fa532-e4f8-4241-b390-5ca95725dda4","AIClassifyCont":"b1decf63-1156-4bf6-a2dc-5cdfdcbc284f","AIClassifyHeaderCont":"c2b522b9-3073-4ef9-998a-6f5cac600e03","AIClassifyHeaderLabel":"654b0f81-f800-4d6a-8527-29bcedb2345f","ClassifyRunBtn":"ecb52de2-3f0e-4701-82b8-3594c6417273","AIClassifyBodyCont":"62085690-c7e3-4c7b-bb6e-0fad14911226","SubcategoryGallery":"6d9e7d22-91af-4700-beef-83578296eb5b","galleryTemplate2":"edfe8889-5ea5-41bf-b380-d65a6e258ff3","Title6":"e5269856-adb9-4431-925f-ece6c49d771c","AIClassifyOutput":"b492d5ef-e258-40fd-a0ba-78aa415b716a","AISentimentCont":"301bb962-d7cc-4b25-bb52-5e75fc908652","AISentimentHeaderCont":"533e7eee-9cdc-4175-8515-ffbf89b1e4c5","AISentimentHeaderLabel":"966d35b1-d1de-443e-874d-fc6c828579b6","AISentimentRunBtn":"56b49d9d-4342-449b-84ac-28deedfeb29d","AISentimentBodyCont":"3b55554d-7990-458f-baf4-0b5610f5dc6b","AISentimentOutput":"79d3df21-b57a-422d-9094-35cda9adc22c","AIReplyCont":"c0e0a787-a4c2-4c4b-b7e1-13a890a038ea","AIReplyHeaderCont":"9b781725-2ff2-439d-9b95-6c2e3a1740b3","AIReplyHeaderLabel":"cc3a4081-b522-4aaf-aa2e-7c959fe6e146","AIReplyRunBtn":"b13fa263-e475-48d2-8fa0-c18110076cbb","AIReplyBodyCont":"f7429ab3-28e7-421f-bdc2-72e475c8c49a","AIReplyOutput":"de7ae01e-54ae-469d-b686-1d0ce4fa46bb","AIExtractCont":"7083d267-f69b-4863-914a-11bf286ac4d5","AIExtractHeaderCont":"54acb590-8c94-4bc3-89dc-bcb035a6a656","AIExtractHeaderLabel":"cc87fadf-2aa4-49a0-b645-497800289135","AIExtractRunBtn":"fb20bb39-84d7-4ed5-aa61-80d89d396d6b","AIExtractBodyCont":"31956515-269b-4e39-86f9-13c29202c10a","AIExtractEntity":"f8ce68eb-6cf1-4695-a3ad-592b4e35a9bd","AIExtractResultGallery":"1f35f15d-eac2-4234-a64f-e7495b9709e2","Title3":"666e0df4-ff43-4524-af8e-9052b7a3dc35","galleryTemplate1":"d98875fd-48b4-4823-b8f5-78a5765450cd","Rectangle3":"f68b4390-3dfd-4189-a500-12ecb89a9f47","Subtitle3":"327bf490-b2e4-493a-bff6-1091913b3b0d","Body2":"669f9a4e-196f-4152-ba72-346d7111d5a5","Separator3":"fc724431-f56a-4966-9125-bef1353e5e96","AIExtractOutput":"b3070557-5bbe-41ad-9930-8eb9e8bd5ca3","AISummarizeRecordCont":"f9057d10-c4f4-4010-8d98-54408ebfcfe8","AISummarizeRecordHeaderCont":"d66a0f47-3d90-407f-9579-b9c124721ee8","AISummarizeRecordHeaderLabel":"a0e3b42d-c832-410a-af37-6c856fd66eeb","AISummarizeRecordRunBtn":"b926f354-0af7-48fd-af6e-ac28fc3a8d39","AISummarizeRecordBodyCont":"a6baa0d3-fe83-41d6-8366-f31bf8200b03","AISummarizeRecordSwitchCont":"cf096a66-09bc-4a6a-95c1-bcdd5a8670dd","SwitchLabel":"bbe237bb-ff0f-4150-8ae5-eb755368c5c8","AISummarizeIsMergedCatchupAndSummary":"c790b163-c791-4d86-9197-d6e3b0f8312a","AISummarizeRecordOutput":"b6c5586a-ac45-4a4d-893a-f5dee3779abe"}