{
  "properties": {
    "connectionReferences": {
      "shared_commondataserviceforapps": {
        "runtimeSource": "embedded",
        "connection": {
          "connectionReferenceLogicalName": "sfdemo_sharedcommondataserviceforapps_861eb"
        },
        "api": {
          "name": "shared_commondataserviceforapps"
        }
      }
    },
    "definition": {
      "$schema": "https://schema.management.azure.com/providers/Microsoft.Logic/schemas/2016-06-01/workflowdefinition.json#",
      "contentVersion": "1.0.0.0",
      "parameters": {
        "$connections": {
          "defaultValue": {},
          "type": "Object"
        },
        "$authentication": {
          "defaultValue": {},
          "type": "SecureObject"
        }
      },
      "triggers": {
        "manual": {
          "metadata": {
            "operationMetadataId": "e095337f-7ea1-4e3d-b5c4-1eeb9484f2c8"
          },
          "type": "Request",
          "kind": "PowerAppV2",
          "inputs": {
            "schema": {
              "type": "object",
              "properties": {
                "text": {
                  "title": "Id",
                  "type": "string",
                  "x-ms-dynamically-added": true,
                  "description": "Please enter your input",
                  "x-ms-content-hint": "TEXT"
                },
                "text_1": {
                  "title": "LogicalName",
                  "type": "string",
                  "x-ms-dynamically-added": true,
                  "description": "Please enter your input",
                  "x-ms-content-hint": "TEXT"
                },
                "text_2": {
                  "title": "RecordContext",
                  "type": "string",
                  "x-ms-dynamically-added": true,
                  "description": "Please enter your input",
                  "x-ms-content-hint": "TEXT"
                },
                "boolean": {
                  "title": "IsMergedCatchupAndsummary",
                  "type": "boolean",
                  "x-ms-dynamically-added": true,
                  "description": "Please select yes or no",
                  "x-ms-content-hint": "BOOLEAN"
                }
              },
              "required": [
                "text",
                "text_1",
                "text_2",
                "boolean"
              ]
            }
          }
        }
      },
      "actions": {
        "Perform_an_unbound_action": {
          "runAfter": {},
          "metadata": {
            "operationMetadataId": "7bd12ee3-1627-4551-8d17-76333b264302"
          },
          "type": "OpenApiConnection",
          "inputs": {
            "host": {
              "connectionName": "shared_commondataserviceforapps",
              "operationId": "PerformUnboundAction",
              "apiId": "/providers/Microsoft.PowerApps/apis/shared_commondataserviceforapps"
            },
            "parameters": {
              "actionName": "AISummarizeRecord",
              "item/IsMergedCatchupAndSummary": "@triggerBody()['boolean']",
              "item/EntityLogicalName": "@triggerBody()['text_1']",
              "item/RecordContext": "@triggerBody()['text_2']",
              "item/Id": "@triggerBody()['text']"
            },
            "authentication": "@parameters('$authentication')"
          }
        },
        "Respond_to_a_PowerApp_or_flow": {
          "runAfter": {
            "Perform_an_unbound_action": [
              "Succeeded"
            ]
          },
          "metadata": {
            "operationMetadataId": "eb67e1d1-746f-4641-9d2a-6aa417b91ef6"
          },
          "type": "Response",
          "kind": "PowerApp",
          "inputs": {
            "statusCode": 200,
            "body": {
              "summarizedtext": "@outputs('Perform_an_unbound_action')?['body/SummarizedText']"
            },
            "schema": {
              "type": "object",
              "properties": {
                "summarizedtext": {
                  "title": "summarizedtext",
                  "x-ms-dynamically-added": true,
                  "type": "string"
                }
              }
            }
          }
        }
      }
    },
    "templateName": null
  },
  "schemaVersion": "1.0.0.0"
}