<ImportExportXml version="9.2.24034.284" SolutionPackageVersion="9.2" languagecode="1033" generatedBy="CrmLive" xmlns:xsi="http://www.w3.org/2001/XMLSchema-instance">
  <SolutionManifest>
    <UniqueName>HPPUGAIFunctions</UniqueName>
    <LocalizedNames>
      <LocalizedName description="HPPUG - AI Functions" languagecode="1033" />
    </LocalizedNames>
    <Descriptions />
    <Version>1.0.0.3</Version>
    <Managed>1</Managed>
    <Publisher>
      <UniqueName>sfdemo</UniqueName>
      <LocalizedNames>
        <LocalizedName description="Systemfarmer Demo" languagecode="1033" />
      </LocalizedNames>
      <Descriptions />
      <EMailAddress xsi:nil="true"></EMailAddress>
      <SupportingWebsiteUrl xsi:nil="true"></SupportingWebsiteUrl>
      <CustomizationPrefix>sfdemo</CustomizationPrefix>
      <CustomizationOptionValuePrefix>86730</CustomizationOptionValuePrefix>
      <Addresses>
        <Address>
          <AddressNumber>1</AddressNumber>
          <AddressTypeCode>1</AddressTypeCode>
          <City xsi:nil="true"></City>
          <County xsi:nil="true"></County>
          <Country xsi:nil="true"></Country>
          <Fax xsi:nil="true"></Fax>
          <FreightTermsCode xsi:nil="true"></FreightTermsCode>
          <ImportSequenceNumber xsi:nil="true"></ImportSequenceNumber>
          <Latitude xsi:nil="true"></Latitude>
          <Line1 xsi:nil="true"></Line1>
          <Line2 xsi:nil="true"></Line2>
          <Line3 xsi:nil="true"></Line3>
          <Longitude xsi:nil="true"></Longitude>
          <Name xsi:nil="true"></Name>
          <PostalCode xsi:nil="true"></PostalCode>
          <PostOfficeBox xsi:nil="true"></PostOfficeBox>
          <PrimaryContactName xsi:nil="true"></PrimaryContactName>
          <ShippingMethodCode>1</ShippingMethodCode>
          <StateOrProvince xsi:nil="true"></StateOrProvince>
          <Telephone1 xsi:nil="true"></Telephone1>
          <Telephone2 xsi:nil="true"></Telephone2>
          <Telephone3 xsi:nil="true"></Telephone3>
          <TimeZoneRuleVersionNumber xsi:nil="true"></TimeZoneRuleVersionNumber>
          <UPSZone xsi:nil="true"></UPSZone>
          <UTCOffset xsi:nil="true"></UTCOffset>
          <UTCConversionTimeZoneCode xsi:nil="true"></UTCConversionTimeZoneCode>
        </Address>
        <Address>
          <AddressNumber>2</AddressNumber>
          <AddressTypeCode>1</AddressTypeCode>
          <City xsi:nil="true"></City>
          <County xsi:nil="true"></County>
          <Country xsi:nil="true"></Country>
          <Fax xsi:nil="true"></Fax>
          <FreightTermsCode xsi:nil="true"></FreightTermsCode>
          <ImportSequenceNumber xsi:nil="true"></ImportSequenceNumber>
          <Latitude xsi:nil="true"></Latitude>
          <Line1 xsi:nil="true"></Line1>
          <Line2 xsi:nil="true"></Line2>
          <Line3 xsi:nil="true"></Line3>
          <Longitude xsi:nil="true"></Longitude>
          <Name xsi:nil="true"></Name>
          <PostalCode xsi:nil="true"></PostalCode>
          <PostOfficeBox xsi:nil="true"></PostOfficeBox>
          <PrimaryContactName xsi:nil="true"></PrimaryContactName>
          <ShippingMethodCode>1</ShippingMethodCode>
          <StateOrProvince xsi:nil="true"></StateOrProvince>
          <Telephone1 xsi:nil="true"></Telephone1>
          <Telephone2 xsi:nil="true"></Telephone2>
          <Telephone3 xsi:nil="true"></Telephone3>
          <TimeZoneRuleVersionNumber xsi:nil="true"></TimeZoneRuleVersionNumber>
          <UPSZone xsi:nil="true"></UPSZone>
          <UTCOffset xsi:nil="true"></UTCOffset>
          <UTCConversionTimeZoneCode xsi:nil="true"></UTCConversionTimeZoneCode>
        </Address>
      </Addresses>
    </Publisher>
    <RootComponents>
      <RootComponent type="1" schemaName="sfdemo_ai_function_content" behavior="0" />
      <RootComponent type="1" schemaName="sfdemo_ai_function_content_result" behavior="0" />
      <RootComponent type="1" schemaName="sfdemo_classification_category" behavior="0" />
      <RootComponent type="1" schemaName="sfdemo_classification_subcategory" behavior="0" />
      <RootComponent type="29" id="{263a2108-cef5-ee11-a1fe-000d3ad8c431}" behavior="0" />
      <RootComponent type="29" id="{32709a16-16fb-ee11-a1fe-0022489dc614}" behavior="0" />
      <RootComponent type="29" id="{5bbe32b5-14fb-ee11-a1ff-000d3ad8c431}" behavior="0" />
      <RootComponent type="29" id="{8e4d5c66-13fb-ee11-a1ff-000d3ad8c431}" behavior="0" />
      <RootComponent type="29" id="{92a86766-18fb-ee11-a1fe-0022489dc614}" behavior="0" />
      <RootComponent type="29" id="{bf3e6c64-08fb-ee11-a1fe-0022489dc614}" behavior="0" />
      <RootComponent type="29" id="{da479d31-15fb-ee11-a1fe-0022489dc614}" behavior="0" />
      <RootComponent type="29" id="{df499077-01fb-ee11-a1ff-000d3ad8c431}" behavior="0" />
      <RootComponent type="61" schemaName="sfdemo_ai_translate.js" behavior="0" />
      <RootComponent type="61" schemaName="sfdemo_open_custompage_dialog.js" behavior="0" />
      <RootComponent type="62" schemaName="sfdemo_AIFunctionsApp" behavior="0" />
      <RootComponent type="80" schemaName="sfdemo_AIFunctionsApp" behavior="0" />
      <RootComponent type="91" id="{ff5ef1da-216a-493c-8b3a-afa67b3c39f1}" schemaName="DataverseAIFunctions, Version=1.0.0.0, Culture=neutral, PublicKeyToken=b9d353b7accd8dc9" behavior="0" />
      <RootComponent type="92" id="{1ed4ec4e-7000-ef11-9f89-002248a0dffc}" behavior="0" />
      <RootComponent type="92" id="{da6cf82e-7000-ef11-9f89-002248a0dffc}" behavior="0" />
      <RootComponent type="300" schemaName="sfdemo_aifunctionsappdefaultcommandlibrary_0cb10" behavior="0" />
      <RootComponent type="300" schemaName="sfdemo_aifunctionsdemo_a524a" behavior="0" />
      <RootComponent type="300" schemaName="sfdemo_translatedialog_18a51" behavior="0" />
    </RootComponents>
    <MissingDependencies>
      <MissingDependency>
        <Required type="61" schemaName="msdyn_/Images/AppModule_Default_Icon.png" displayName="msdyn_/Images/AppModule_Default_Icon.png" solution="AppModuleWebResources (2.5)" />
        <Dependent type="80" schemaName="sfdemo_AIFunctionsApp" displayName="AI Functions App" />
      </MissingDependency>
      <MissingDependency>
        <Required type="SettingDefinition" displayName="AppChannel" solution="msdyn_AppFrameworkInfraExtensions (1.0.0.8)" id.uniquename="AppChannel" />
        <Dependent type="AppSetting" displayName="parentappmoduleid.uniquename=sfdemo_AIFunctionsApp,settingdefinitionid.uniquename=AppChannel" id.parentappmoduleid.uniquename="sfdemo_AIFunctionsApp" id.settingdefinitionid.uniquename="AppChannel" />
      </MissingDependency>
    </MissingDependencies>
  </SolutionManifest>
</ImportExportXml>